2026-03-23_16-36-00,0,draft.go:2026-03-23_16-36-00
2026-03-23_16-39-48,0,draft.go:2026-03-23_16-39-48
2026-03-23_16-41-14,0,draft.go:2026-03-23_16-41-14
2026-03-23_16-43-04,0,draft.go:2026-03-23_16-43-04
2026-03-23_16-44-01,0,draft.go:2026-03-23_16-44-01
2026-03-24_03-31-42,0,draft.go:2026-03-24_03-31-42
2026-03-24_03-31-44,0,draft.go:2026-03-24_03-31-42
2026-03-24_03-35-42,0,draft.go:2026-03-24_03-31-42
2026-03-24_03-38-55,0,draft.go:2026-03-24_03-31-42
2026-03-24_03-39-07,0,draft.go:2026-03-24_03-39-07
2026-03-24_03-40-01,0,draft.go:2026-03-24_03-40-01
2026-03-24_03-40-18,0,draft.go:2026-03-24_03-40-18
2026-03-24_03-41-04,0,draft.go:2026-03-24_03-41-04
2026-03-24_03-42-09,0,draft.go:2026-03-24_03-42-09
2026-03-24_03-42-44,0,draft.go:2026-03-24_03-42-44
2026-03-24_03-43-16,100,draft.go:2026-03-24_03-43-16
2026-03-24_03-43-22,100,draft.go:2026-03-24_03-43-16
