2026-04-05_22-59-59,0,main.go:2026-04-05_22-59-59
2026-04-05_23-25-47,0,main.go:2026-04-05_23-25-47
2026-04-05_23-28-01,0,main.go:2026-04-05_23-25-47
2026-04-05_23-29-35,0,main.go:2026-04-05_23-29-35
2026-04-05_23-30-31,0,main.go:2026-04-05_23-30-31
2026-04-05_23-30-43,0,main.go:2026-04-05_23-30-43
2026-04-05_23-32-10,0,main.go:2026-04-05_23-32-10
2026-04-05_23-32-30,0,main.go:2026-04-05_23-32-30
2026-04-05_23-33-08,16,main.go:2026-04-05_23-33-08
2026-04-05_23-35-41,16,main.go:2026-04-05_23-35-41
2026-04-05_23-37-22,16,main.go:2026-04-05_23-37-22
2026-04-05_23-38-15,16,main.go:2026-04-05_23-38-15
2026-04-05_23-39-10,16,main.go:2026-04-05_23-39-10
2026-04-05_23-39-48,16,main.go:2026-04-05_23-39-48
2026-04-05_23-41-11,16,main.go:2026-04-05_23-41-11
2026-04-05_23-41-31,16,main.go:2026-04-05_23-41-31
2026-04-05_23-45-56,33,main.go:2026-04-05_23-45-56
2026-04-05_23-46-53,0,main.go:2026-04-05_23-46-53
2026-04-05_23-47-02,33,main.go:2026-04-05_23-47-02
2026-04-05_23-48-17,33,main.go:2026-04-05_23-47-02
2026-04-05_23-50-47,33,main.go:2026-04-05_23-47-02
2026-04-05_23-53-57,33,main.go:2026-04-05_23-53-57
2026-04-05_23-55-36,33,main.go:2026-04-05_23-53-57
2026-04-05_23-56-18,33,main.go:2026-04-05_23-56-18
2026-04-05_23-56-41,33,main.go:2026-04-05_23-56-41
2026-04-05_23-59-28,50,main.go:2026-04-05_23-59-28
2026-04-06_00-02-21,66,main.go:2026-04-06_00-02-21
2026-04-06_00-04-34,66,main.go:2026-04-06_00-04-34
2026-04-06_00-11-59,66,main.go:2026-04-06_00-11-59
2026-04-06_00-13-29,66,main.go:2026-04-06_00-13-29
2026-04-06_00-13-59,66,main.go:2026-04-06_00-13-59
2026-04-06_00-14-47,83,main.go:2026-04-06_00-14-47
2026-04-06_00-17-04,83,main.go:2026-04-06_00-17-04
2026-04-06_00-21-11,83,main.go:2026-04-06_00-21-11
2026-04-06_00-23-29,83,main.go:2026-04-06_00-23-29
2026-04-06_00-24-35,0,main.go:2026-04-06_00-24-35
2026-04-06_00-29-24,83,main.go:2026-04-06_00-29-24
2026-04-06_00-29-48,83,main.go:2026-04-06_00-29-48
2026-04-06_00-31-27,83,main.go:2026-04-06_00-31-27
2026-04-06_00-32-48,100,main.go:2026-04-06_00-32-48
2026-04-06_01-33-39,100,main.go:2026-04-06_00-32-48
2026-04-06_15-43-58,100,main.go:2026-04-06_00-32-48
