2026-03-21_20-56-11,0,draft.go:2026-03-21_20-56-11
2026-03-21_20-56-14,0,draft.go:2026-03-21_20-56-11
2026-03-21_20-56-48,100,draft.go:2026-03-21_20-56-48
2026-03-21_21-00-35,100,draft.go:2026-03-21_20-56-48
2026-03-21_21-00-54,100,draft.go:2026-03-21_20-56-48
2026-03-21_21-44-26,0,draft.go:2026-03-21_21-44-26
2026-03-21_21-45-25,0,draft.go:2026-03-21_21-45-25
2026-03-21_21-47-43,75,draft.go:2026-03-21_21-47-43
2026-03-21_21-48-43,75,draft.go:2026-03-21_21-47-43
2026-03-21_21-49-44,50,draft.go:2026-03-21_21-49-44
2026-03-21_21-50-38,25,draft.go:2026-03-21_21-50-38
2026-03-21_21-51-55,100,draft.go:2026-03-21_21-51-55
2026-03-21_21-52-55,0,draft.go:2026-03-21_21-52-55
2026-03-21_21-54-57,100,draft.go:2026-03-21_21-54-57
2026-03-21_21-55-07,100,draft.go:2026-03-21_21-54-57
