2026-04-28_15-54-05,18,main.go:2026-04-28_15-54-05
2026-04-28_15-54-08,18,main.go:2026-04-28_15-54-05
2026-04-28_16-02-03,27,main.go:2026-04-28_16-02-03
2026-04-28_16-02-50,27,main.go:2026-04-28_16-02-50
2026-04-28_16-03-13,27,main.go:2026-04-28_16-03-13
2026-04-28_16-04-24,54,main.go:2026-04-28_16-04-24
2026-04-28_16-08-23,54,main.go:2026-04-28_16-08-23
2026-04-28_16-09-00,54,main.go:2026-04-28_16-08-23
2026-04-28_16-12-44,81,main.go:2026-04-28_16-12-44
2026-04-28_16-13-18,81,main.go:2026-04-28_16-12-44
2026-04-28_16-14-00,81,main.go:2026-04-28_16-14-00
2026-04-28_16-15-46,90,main.go:2026-04-28_16-15-46
2026-04-28_16-16-48,18,main.go:2026-04-28_16-16-48
2026-04-28_16-17-56,90,main.go:2026-04-28_16-17-56
2026-04-28_16-18-09,100,main.go:2026-04-28_16-18-09
2026-04-28_16-19-02,100,main.go:2026-04-28_16-19-02
2026-04-28_16-22-54,100,main.go:2026-04-28_16-22-54
