2026-03-10_17-04-22,0,draft.go:2026-03-10_17-04-22
2026-04-05_22-38-43,0,draft.go:2026-03-10_17-04-22
2026-04-06_15-43-52,0,draft.go:2026-04-06_15-43-52
2026-04-06_23-57-59,0,draft.go:2026-04-06_15-43-52
2026-04-07_00-01-27,0,draft.go:2026-04-06_15-43-52
2026-04-07_00-02-59,0,draft.go:2026-04-07_00-02-59
2026-04-07_00-11-14,0,draft.go:2026-04-07_00-11-14
2026-04-07_00-15-35,0,draft.go:2026-04-07_00-15-35
2026-04-07_00-15-57,0,draft.go:2026-04-07_00-15-57
2026-04-07_00-16-56,0,draft.go:2026-04-07_00-16-56
2026-04-07_00-17-41,0,draft.go:2026-04-07_00-17-41
2026-04-07_00-18-15,0,draft.go:2026-04-07_00-18-15
2026-04-07_00-19-43,0,draft.go:2026-04-07_00-19-43
2026-04-07_00-19-48,0,draft.go:2026-04-07_00-19-43
2026-04-07_00-20-09,0,draft.go:2026-04-07_00-19-43
2026-04-07_00-21-06,0,draft.go:2026-04-07_00-21-06
2026-04-07_00-22-39,0,draft.go:2026-04-07_00-22-39
2026-04-07_00-22-51,0,draft.go:2026-04-07_00-22-51
2026-04-07_00-23-13,0,draft.go:2026-04-07_00-23-13
2026-04-07_00-25-10,100,draft.go:2026-04-07_00-25-10
2026-04-07_00-26-08,100,draft.go:2026-04-07_00-26-08
