2026-04-23_04-23-12,0,main.go:2026-04-23_04-23-12
2026-04-23_04-53-47,0,main.go:2026-04-23_04-23-12
2026-04-23_04-53-48,0,main.go:2026-04-23_04-23-12
2026-04-23_05-04-29,0,main.go:2026-04-23_05-04-29
2026-04-23_05-12-45,0,main.go:2026-04-23_05-12-45
2026-04-23_05-16-04,0,main.go:2026-04-23_05-16-04
2026-04-23_05-17-40,0,main.go:2026-04-23_05-17-40
2026-04-23_05-19-30,66,main.go:2026-04-23_05-19-30
2026-04-23_05-20-34,66,main.go:2026-04-23_05-20-34
2026-04-23_05-22-46,66,main.go:2026-04-23_05-22-46
2026-04-23_05-23-32,66,main.go:2026-04-23_05-23-32
2026-04-23_05-24-00,66,main.go:2026-04-23_05-24-00
2026-04-23_05-25-53,66,main.go:2026-04-23_05-25-53
2026-04-23_05-26-31,100,main.go:2026-04-23_05-26-31
2026-04-23_05-26-35,100,main.go:2026-04-23_05-26-31
