2026-06-11_02-25-42,0,dlist.go:2026-06-11_02-25-42;main.go:2026-06-11_02-25-42
2026-06-11_02-38-58,0,dlist.go:2026-06-11_02-25-42;main.go:2026-06-11_02-25-42
2026-06-11_02-59-22,0,dlist.go:2026-06-11_02-25-42;main.go:2026-06-11_02-59-22
2026-06-11_03-07-42,0,dlist.go:2026-06-11_02-25-42;main.go:2026-06-11_03-07-42
2026-06-11_03-10-06,0,dlist.go:2026-06-11_02-25-42;main.go:2026-06-11_03-07-42
2026-06-11_03-10-20,0,dlist.go:2026-06-11_02-25-42;main.go:2026-06-11_03-10-20
2026-06-11_03-10-50,0,dlist.go:2026-06-11_02-25-42;main.go:2026-06-11_03-10-20
2026-06-11_03-11-18,0,dlist.go:2026-06-11_02-25-42;main.go:2026-06-11_03-11-18
2026-06-11_03-11-56,0,dlist.go:2026-06-11_02-25-42;main.go:2026-06-11_03-11-18
2026-06-11_03-12-54,0,dlist.go:2026-06-11_02-25-42;main.go:2026-06-11_03-11-18
2026-06-11_03-12-59,100,dlist.go:2026-06-11_02-25-42;main.go:2026-06-11_03-12-59
2026-06-11_03-14-25,100,dlist.go:2026-06-11_02-25-42;main.go:2026-06-11_03-12-59
2026-06-11_03-16-59,100,dlist.go:2026-06-11_02-25-42;main.go:2026-06-11_03-12-59
