2026-07-06_15-44-43,0,main.go:2026-07-06_15-44-43;stack.go:2026-07-06_15-44-43
2026-07-06_15-44-46,0,main.go:2026-07-06_15-44-43;stack.go:2026-07-06_15-44-43
2026-07-06_15-45-19,0,main.go:2026-07-06_15-45-19;stack.go:2026-07-06_15-44-43
2026-07-06_16-46-34,0,main.go:2026-07-06_16-46-34;stack.go:2026-07-06_15-44-43
2026-07-06_16-47-22,0,main.go:2026-07-06_16-46-34;stack.go:2026-07-06_15-44-43
2026-07-06_16-59-03,0,main.go:2026-07-06_16-46-34;stack.go:2026-07-06_15-44-43
2026-07-07_02-45-42,0,main.go:2026-07-07_02-45-42;stack.go:2026-07-06_15-44-43
2026-07-07_02-45-53,0,main.go:2026-07-07_02-45-42;stack.go:2026-07-06_15-44-43
2026-07-07_03-39-52,0,main.go:2026-07-07_03-39-52;stack.go:2026-07-06_15-44-43
2026-07-07_03-44-13,0,main.go:2026-07-07_03-39-52;stack.go:2026-07-06_15-44-43
2026-07-07_03-56-39,0,main.go:2026-07-07_03-56-39;stack.go:2026-07-06_15-44-43
2026-07-07_03-57-58,0,main.go:2026-07-07_03-56-39;stack.go:2026-07-06_15-44-43
2026-07-07_04-20-12,0,main.go:2026-07-07_04-20-12;stack.go:2026-07-06_15-44-43
2026-07-07_04-25-05,0,main.go:2026-07-07_04-25-05;stack.go:2026-07-06_15-44-43
2026-07-07_04-31-25,0,main.go:2026-07-07_04-31-25;stack.go:2026-07-06_15-44-43
2026-07-07_04-31-42,0,main.go:2026-07-07_04-31-42;stack.go:2026-07-06_15-44-43
2026-07-07_04-35-06,0,main.go:2026-07-07_04-35-06;stack.go:2026-07-06_15-44-43
2026-07-07_04-36-44,0,main.go:2026-07-07_04-35-06;stack.go:2026-07-06_15-44-43
2026-07-07_04-41-50,0,main.go:2026-07-07_04-41-50;stack.go:2026-07-06_15-44-43
2026-07-07_04-43-18,0,main.go:2026-07-07_04-43-18;stack.go:2026-07-06_15-44-43
2026-07-07_04-45-07,0,main.go:2026-07-07_04-43-18
2026-07-07_04-45-27,0,main.go:2026-07-07_04-43-18
2026-07-07_04-46-31,0,main.go:2026-07-07_04-43-18
2026-07-07_04-47-11,0,main.go:2026-07-07_04-47-11
2026-07-07_05-04-21,0,main.go:2026-07-07_05-04-21
2026-07-07_05-06-08,0,main.go:2026-07-07_05-06-08
2026-07-07_05-07-28,0,main.go:2026-07-07_05-07-28
2026-07-07_05-08-22,0,main.go:2026-07-07_05-08-22
2026-07-07_05-08-52,0,main.go:2026-07-07_05-08-52
2026-07-07_05-09-00,0,main.go:2026-07-07_05-08-52
2026-07-07_05-11-06,100,main.go:2026-07-07_05-11-06
