2026-03-16_15-58-12,0,draft.go:2026-03-16_15-58-12
2026-03-16_15-58-13,0,draft.go:2026-03-16_15-58-12
2026-03-16_16-07-47,0,draft.go:2026-03-16_16-07-47
2026-03-16_16-09-49,0,draft.go:2026-03-16_16-07-47
2026-03-16_16-16-25,0,draft.go:2026-03-16_16-16-25
2026-03-16_16-18-15,---,draft.go:2026-03-16_16-16-25
2026-03-16_16-19-02,---,draft.go:2026-03-16_16-16-25
2026-03-16_16-20-35,100,draft.go:2026-03-16_16-20-35
2026-03-16_16-20-36,100,draft.go:2026-03-16_16-20-35
2026-03-16_16-21-00,---,draft.go:2026-03-16_16-20-35
2026-03-16_16-24-34,---,draft.go:2026-03-16_16-20-35
2026-03-16_16-24-40,100,draft.go:2026-03-16_16-20-35
2026-03-16_16-24-58,100,draft.go:2026-03-16_16-20-35
