2026-03-17_21-50-52,25,draft.go:2026-03-17_21-50-52
2026-03-17_22-06-26,0,draft.go:2026-03-17_22-06-26
2026-03-17_22-07-00,16,draft.go:2026-03-17_22-07-00
2026-03-17_22-08-14,0,draft.go:2026-03-17_22-08-14
2026-03-17_22-08-22,16,draft.go:2026-03-17_22-08-22
2026-03-17_22-08-58,25,draft.go:2026-03-17_22-08-58
2026-03-17_22-13-47,25,draft.go:2026-03-17_22-13-47
2026-03-17_22-14-55,25,draft.go:2026-03-17_22-13-47
2026-03-17_22-16-03,---,draft.go:2026-03-17_22-13-47
2026-03-17_22-17-07,16,draft.go:2026-03-17_22-17-07
2026-03-17_22-19-22,16,draft.go:2026-03-17_22-19-22
2026-03-17_22-20-08,16,draft.go:2026-03-17_22-20-08
2026-03-17_22-26-42,0,draft.go:2026-03-17_22-26-42
2026-03-17_22-27-19,8,draft.go:2026-03-17_22-27-19
2026-03-17_22-28-09,8,draft.go:2026-03-17_22-27-19
2026-03-17_22-29-58,25,draft.go:2026-03-17_22-29-58
2026-03-17_22-33-34,25,draft.go:2026-03-17_22-33-34
2026-03-17_22-33-35,25,draft.go:2026-03-17_22-33-34
2026-03-17_22-33-36,25,draft.go:2026-03-17_22-33-34
2026-03-17_22-35-47,0,draft.go:2026-03-17_22-35-47
2026-03-17_22-35-48,0,draft.go:2026-03-17_22-35-47
2026-03-17_22-35-52,0,draft.go:2026-03-17_22-35-47
2026-03-17_22-36-53,41,draft.go:2026-03-17_22-36-53
2026-03-17_22-39-01,50,draft.go:2026-03-17_22-39-01
2026-03-17_22-44-19,25,draft.go:2026-03-17_22-44-19
2026-03-17_22-45-48,100,draft.go:2026-03-17_22-45-48
2026-03-17_22-47-15,100,draft.go:2026-03-17_22-45-48
2026-03-17_22-47-18,100,draft.go:2026-03-17_22-45-48
