2026-03-18_00-10-24,0,draft.go:2026-03-18_00-10-24
2026-03-18_00-12-29,0,draft.go:2026-03-18_00-12-29
2026-03-18_00-12-50,0,draft.go:2026-03-18_00-12-50
2026-03-18_00-13-25,50,draft.go:2026-03-18_00-13-25
2026-03-18_00-15-03,50,draft.go:2026-03-18_00-15-03
2026-03-18_00-17-19,75,draft.go:2026-03-18_00-17-19
2026-03-18_00-19-45,50,draft.go:2026-03-18_00-19-45
2026-03-18_00-21-18,50,draft.go:2026-03-18_00-21-18
2026-03-18_00-21-55,50,draft.go:2026-03-18_00-21-55
2026-03-18_00-24-26,100,draft.go:2026-03-18_00-24-26
2026-03-18_00-25-16,100,draft.go:2026-03-18_00-24-26
