2026-04-06_12-04-15,0,main.go:2026-04-06_12-04-15
2026-04-06_12-04-31,0,main.go:2026-04-06_12-04-15
2026-04-06_12-04-39,0,main.go:2026-04-06_12-04-15
2026-04-07_00-26-14,0,main.go:2026-04-07_00-26-14
2026-04-07_00-30-11,0,main.go:2026-04-07_00-26-14
2026-04-13_15-42-57,0,main.go:2026-04-13_15-42-57
2026-04-18_20-23-29,0,main.go:2026-04-13_15-42-57
2026-04-18_20-23-32,0,main.go:2026-04-13_15-42-57
2026-04-18_20-44-24,100,main.go:2026-04-18_20-44-24
2026-04-18_21-53-39,100,main.go:2026-04-18_20-44-24
