2026-04-28_16-23-40,0,main.go:2026-04-28_16-23-40
2026-04-28_16-24-12,0,main.go:2026-04-28_16-23-40
2026-04-28_16-39-17,0,main.go:2026-04-28_16-39-17
2026-04-28_16-41-16,0,main.go:2026-04-28_16-41-16
2026-04-28_16-45-49,0,main.go:2026-04-28_16-45-49
2026-04-28_16-49-27,0,main.go:2026-04-28_16-49-27
2026-04-28_16-50-45,0,main.go:2026-04-28_16-50-45
2026-04-29_14-32-09,0,main.go:2026-04-29_14-32-09
2026-04-29_14-32-48,0,main.go:2026-04-29_14-32-48
2026-04-29_14-33-41,0,main.go:2026-04-29_14-33-41
2026-04-29_14-34-03,0,main.go:2026-04-29_14-34-03
2026-04-29_14-34-37,0,main.go:2026-04-29_14-34-37
2026-04-29_14-34-52,0,main.go:2026-04-29_14-34-52
2026-04-29_14-37-23,0,main.go:2026-04-29_14-37-23
2026-04-29_14-39-30,0,main.go:2026-04-29_14-39-30
2026-04-29_14-39-50,0,main.go:2026-04-29_14-39-50
2026-04-29_14-43-13,0,main.go:2026-04-29_14-43-13
2026-04-29_14-44-10,16,main.go:2026-04-29_14-44-10
2026-04-29_14-48-01,33,main.go:2026-04-29_14-48-01
2026-04-29_14-49-25,33,main.go:2026-04-29_14-49-25
2026-04-29_14-52-40,33,main.go:2026-04-29_14-52-40
2026-04-29_14-53-19,50,main.go:2026-04-29_14-53-19
2026-04-29_14-54-28,66,main.go:2026-04-29_14-54-28
2026-04-29_14-55-55,50,main.go:2026-04-29_14-55-55
2026-04-29_14-56-08,66,main.go:2026-04-29_14-56-08
2026-04-29_14-59-32,66,main.go:2026-04-29_14-59-32
2026-04-29_15-04-39,100,main.go:2026-04-29_15-04-39
