2026-07-06_14-26-40,0,main.go:2026-07-06_14-26-40
2026-07-06_14-28-48,0,main.go:2026-07-06_14-26-40
2026-07-06_14-43-06,0,main.go:2026-07-06_14-43-06
2026-07-06_14-49-01,0,main.go:2026-07-06_14-49-01
2026-07-06_14-49-25,0,main.go:2026-07-06_14-49-25
2026-07-06_14-49-48,33,main.go:2026-07-06_14-49-48
2026-07-06_14-57-25,33,main.go:2026-07-06_14-49-48
2026-07-06_15-30-36,33,main.go:2026-07-06_14-49-48
2026-07-06_15-30-49,0,main.go:2026-07-06_15-30-49
2026-07-06_15-35-16,66,main.go:2026-07-06_15-35-16
2026-07-06_15-42-31,100,main.go:2026-07-06_15-42-31
2026-07-06_15-42-46,---,main.go:2026-07-06_15-42-31
