2026-03-31_16-14-12,0,shell.go:2026-03-31_16-14-12
2026-03-31_16-14-13,0,shell.go:2026-03-31_16-14-12
2026-03-31_16-14-14,0,shell.go:2026-03-31_16-14-12
2026-03-31_16-16-12,0,shell.go:2026-03-31_16-14-12
2026-03-31_16-44-03,42,shell.go:2026-03-31_16-44-03
2026-03-31_16-44-18,42,shell.go:2026-03-31_16-44-03
2026-03-31_16-51-57,57,shell.go:2026-03-31_16-51-57
2026-03-31_17-05-59,71,shell.go:2026-03-31_17-05-59
2026-03-31_17-08-23,71,shell.go:2026-03-31_17-05-59
2026-04-02_15-21-20,71,shell.go:2026-03-31_17-05-59
2026-04-02_15-28-21,71,shell.go:2026-04-02_15-28-21
2026-04-02_15-29-34,0,shell.go:2026-04-02_15-29-34
2026-04-02_15-33-34,71,shell.go:2026-04-02_15-33-34
2026-04-02_15-35-05,71,shell.go:2026-04-02_15-33-34
2026-04-02_15-37-13,0,shell.go:2026-04-02_15-37-13
2026-04-02_15-37-21,71,shell.go:2026-04-02_15-37-21
2026-04-02_15-39-19,71,shell.go:2026-04-02_15-39-19
2026-04-02_15-40-26,85,shell.go:2026-04-02_15-40-26
2026-04-02_15-41-56,85,shell.go:2026-04-02_15-41-56
2026-04-02_15-43-04,100,shell.go:2026-04-02_15-43-04
