2026-03-16_16-49-31,0,draft.go:2026-03-16_16-49-31
2026-03-16_23-22-12,0,draft.go:2026-03-16_23-22-12
2026-03-16_23-23-17,70,draft.go:2026-03-16_23-23-17
2026-03-16_23-24-22,0,draft.go:2026-03-16_23-24-22
2026-03-16_23-27-11,70,draft.go:2026-03-16_23-27-11
2026-03-16_23-28-39,70,draft.go:2026-03-16_23-28-39
2026-03-16_23-29-15,0,draft.go:2026-03-16_23-29-15
2026-03-16_23-31-03,20,draft.go:2026-03-16_23-31-03
2026-03-16_23-45-49,0,draft.go:2026-03-16_23-45-49
2026-03-16_23-46-19,0,draft.go:2026-03-16_23-46-19
2026-03-16_23-46-59,0,draft.go:2026-03-16_23-46-59
2026-03-16_23-47-20,10,draft.go:2026-03-16_23-47-20
2026-03-16_23-47-52,10,draft.go:2026-03-16_23-47-52
2026-03-16_23-47-54,10,draft.go:2026-03-16_23-47-52
2026-03-16_23-53-34,0,draft.go:2026-03-16_23-53-34
2026-03-16_23-54-01,20,draft.go:2026-03-16_23-54-01
2026-03-16_23-55-08,0,draft.go:2026-03-16_23-55-08
2026-03-16_23-56-01,0,draft.go:2026-03-16_23-56-01
2026-03-16_23-57-28,0,draft.go:2026-03-16_23-57-28
2026-03-16_23-58-02,100,draft.go:2026-03-16_23-58-02
2026-03-17_23-37-17,100,draft.go:2026-03-16_23-58-02
2026-03-17_23-38-29,100,draft.go:2026-03-16_23-58-02
