2026-04-27_15-54-04,0,main.go:2026-04-27_15-54-04
2026-04-27_15-55-36,0,main.go:2026-04-27_15-54-04
2026-05-12_14-42-15,0,main.go:2026-04-27_15-54-04
2026-05-12_15-01-09,0,main.go:2026-04-27_15-54-04
2026-05-12_15-02-38,0,main.go:2026-05-12_15-02-38
2026-05-12_15-15-09,0,main.go:2026-05-12_15-15-09
2026-05-12_15-21-09,14,main.go:2026-05-12_15-21-09
2026-05-12_15-22-10,14,main.go:2026-05-12_15-21-09
2026-05-12_15-34-31,14,main.go:2026-05-12_15-34-31
2026-05-25_14-56-19,14,main.go:2026-05-12_15-34-31
2026-05-25_15-26-48,0,main.go:2026-05-25_15-26-48
2026-05-25_15-29-35,0,main.go:2026-05-25_15-29-35
2026-05-25_15-50-15,0,main.go:2026-05-25_15-29-35
2026-05-25_15-51-14,0,main.go:2026-05-25_15-51-14
2026-05-25_15-51-59,100,main.go:2026-05-25_15-51-59
2026-06-11_02-25-19,100,main.go:2026-05-25_15-51-59
